-- phpMyAdmin SQL Dump
-- version 5.2.1
-- https://www.phpmyadmin.net/
--
-- Hôte : localhost:8889
-- Généré le : sam. 10 mai 2025 à 16:14
-- Version du serveur : 8.0.35
-- Version de PHP : 8.3.9

SET SQL_MODE = "NO_AUTO_VALUE_ON_ZERO";
START TRANSACTION;
SET time_zone = "+00:00";


/*!40101 SET @OLD_CHARACTER_SET_CLIENT=@@CHARACTER_SET_CLIENT */;
/*!40101 SET @OLD_CHARACTER_SET_RESULTS=@@CHARACTER_SET_RESULTS */;
/*!40101 SET @OLD_COLLATION_CONNECTION=@@COLLATION_CONNECTION */;
/*!40101 SET NAMES utf8mb4 */;

--
-- Base de données : `ppe_lourd`
--

-- --------------------------------------------------------

--
-- Structure de la table `abonnement`
--

CREATE TABLE `abonnement` (
  `idAbonnement` int NOT NULL,
  `idUser` int NOT NULL,
  `dateDebutAbonnement` date NOT NULL,
  `dateFinAbonnement` date DEFAULT NULL,
  `pointAbonnement` int NOT NULL
) ENGINE=InnoDB DEFAULT CHARSET=utf8mb4 COLLATE=utf8mb4_0900_ai_ci;

--
-- Déchargement des données de la table `abonnement`
--

INSERT INTO `abonnement` (`idAbonnement`, `idUser`, `dateDebutAbonnement`, `dateFinAbonnement`, `pointAbonnement`) VALUES
(1, 1, '2025-01-01', '2025-12-31', 100),
(2, 2, '2025-02-01', '2025-12-31', 150),
(3, 3, '2025-03-01', '2025-09-30', 80),
(4, 4, '2025-04-01', '2025-10-01', 120),
(5, 5, '2025-01-15', '2025-12-31', 200),
(6, 6, '2025-02-15', '2025-08-15', 60),
(7, 7, '2025-03-10', '2025-09-10', 90),
(8, 8, '2025-04-05', '2025-10-05', 110),
(9, 9, '2025-01-20', '2025-07-20', 130),
(10, 10, '2025-02-20', '2025-08-20', 140),
(11, 11, '2025-03-15', '2025-09-15', 160),
(12, 12, '2025-04-10', '2025-10-10', 170),
(13, 13, '2025-01-30', '2025-07-30', 50),
(14, 14, '2025-02-10', '2025-08-10', 180),
(15, 15, '2025-03-20', '2025-09-20', 75);

-- --------------------------------------------------------

--
-- Structure de la table `admin`
--

CREATE TABLE `admin` (
  `idAdmin` int NOT NULL,
  `idUser` int DEFAULT NULL,
  `niveauAdmin` enum('principal','gestionnaire') CHARACTER SET utf8mb4 COLLATE utf8mb4_0900_ai_ci NOT NULL
) ENGINE=InnoDB DEFAULT CHARSET=utf8mb4 COLLATE=utf8mb4_0900_ai_ci;

--
-- Déchargement des données de la table `admin`
--

INSERT INTO `admin` (`idAdmin`, `idUser`, `niveauAdmin`) VALUES
(1, 1, 'principal'),
(2, 2, 'gestionnaire');

-- --------------------------------------------------------

--
-- Structure de la table `archiveCommande`
--

CREATE TABLE `archiveCommande` (
  `idCommande` int NOT NULL,
  `dateCommande` datetime DEFAULT NULL,
  `statutCommande` varchar(50) DEFAULT NULL,
  `dateLivraisonCommande` datetime DEFAULT NULL,
  `idUser` int DEFAULT NULL,
  `date_archivage` datetime NOT NULL DEFAULT CURRENT_TIMESTAMP
) ENGINE=InnoDB DEFAULT CHARSET=utf8mb4 COLLATE=utf8mb4_0900_ai_ci COMMENT='Archive des commandes';

--
-- Déchargement des données de la table `archiveCommande`
--

INSERT INTO `archiveCommande` (`idCommande`, `dateCommande`, `statutCommande`, `dateLivraisonCommande`, `idUser`, `date_archivage`) VALUES
(301, '2025-01-24 00:00:00', 'arrivée', '2025-01-31 00:00:00', 2, '2025-05-10 13:00:57'),
(302, '2025-01-24 00:00:00', 'en attente', '2025-01-31 00:00:00', 2, '2025-05-10 13:00:57'),
(303, '2025-01-24 00:00:00', 'en attente', '2025-01-31 00:00:00', 2, '2025-05-10 13:00:57'),
(304, '2025-01-24 00:00:00', 'en attente', '2025-01-31 00:00:00', 2, '2025-05-10 13:00:57'),
(305, '2025-01-24 00:00:00', 'en attente', '2025-01-31 00:00:00', 2, '2025-05-10 13:00:57'),
(306, '2025-01-24 00:00:00', 'en attente', '2025-01-31 00:00:00', 2, '2025-05-10 13:00:57'),
(307, '2025-01-24 00:00:00', 'en attente', '2025-01-31 00:00:00', 2, '2025-05-10 13:00:57'),
(308, '2025-01-24 00:00:00', 'en attente', '2025-01-31 00:00:00', 2, '2025-05-10 13:00:57'),
(309, '2025-01-24 00:00:00', 'en attente', '2025-01-31 00:00:00', 2, '2025-05-10 13:00:57'),
(310, '2025-01-24 00:00:00', 'en attente', '2025-01-31 00:00:00', 2, '2025-05-10 13:00:57'),
(311, '2025-01-24 00:00:00', 'en attente', '2025-01-31 00:00:00', 2, '2025-05-10 13:00:57'),
(312, '2025-01-24 00:00:00', 'en attente', '2025-01-31 00:00:00', 2, '2025-05-10 13:00:57'),
(313, '2025-01-24 00:00:00', 'en attente', '2025-01-31 00:00:00', 2, '2025-05-10 13:00:57'),
(314, '2025-01-24 00:00:00', 'en attente', '2025-01-31 00:00:00', 2, '2025-05-10 13:00:57'),
(315, '2025-01-24 00:00:00', 'en attente', '2025-01-31 00:00:00', 2, '2025-05-10 13:00:57'),
(316, '2025-01-24 00:00:00', 'en attente', '2025-01-31 00:00:00', 2, '2025-05-10 13:00:57'),
(317, '2025-01-24 00:00:00', 'en attente', '2025-01-31 00:00:00', 2, '2025-05-10 13:00:57'),
(318, '2025-01-24 00:00:00', 'en attente', '2025-01-31 00:00:00', 2, '2025-05-10 13:00:57'),
(319, '2025-01-24 00:00:00', 'en attente', '2025-01-31 00:00:00', 2, '2025-05-10 13:00:57'),
(320, '2025-01-24 00:00:00', 'en attente', '2025-01-31 00:00:00', 2, '2025-05-10 13:00:57'),
(321, '2025-01-24 00:00:00', 'en attente', '2025-01-31 00:00:00', 2, '2025-05-10 13:00:57'),
(322, '2025-01-24 00:00:00', 'en attente', '2025-01-31 00:00:00', 2, '2025-05-10 13:00:57'),
(323, '2025-01-24 00:00:00', 'en attente', '2025-01-31 00:00:00', 2, '2025-05-10 13:00:57'),
(324, '2025-01-24 00:00:00', 'en attente', '2025-01-31 00:00:00', 2, '2025-05-10 13:00:57'),
(325, '2025-01-24 00:00:00', 'en attente', '2025-01-31 00:00:00', 2, '2025-05-10 13:00:57'),
(326, '2025-01-24 00:00:00', 'en attente', '2025-01-31 00:00:00', 2, '2025-05-10 13:00:57'),
(327, '2025-01-24 00:00:00', 'en attente', '2025-01-31 00:00:00', 2, '2025-05-10 13:00:57'),
(328, '2025-01-24 00:00:00', 'en attente', '2025-01-31 00:00:00', 2, '2025-05-10 13:00:57'),
(329, '2025-01-24 00:00:00', 'en attente', '2025-01-31 00:00:00', 2, '2025-05-10 13:00:57'),
(330, '2025-01-24 00:00:00', 'en attente', '2025-01-31 00:00:00', 2, '2025-05-10 13:00:57'),
(331, '2025-01-24 00:00:00', 'en attente', '2025-01-31 00:00:00', 2, '2025-05-10 13:00:57'),
(332, '2025-01-24 00:00:00', 'en attente', '2025-01-31 00:00:00', 2, '2025-05-10 13:00:57'),
(333, '2025-01-24 00:00:00', 'en attente', NULL, 2, '2025-05-10 13:00:57'),
(337, '2025-01-27 00:00:00', 'arrivée', '2025-02-03 00:00:00', 15, '2025-05-10 17:48:51'),
(338, '2025-01-27 00:00:00', 'arrivée', '2025-02-03 00:00:00', 2, '2025-05-10 13:00:57'),
(339, '2025-01-28 00:00:00', 'arrivée', '2025-02-04 00:00:00', 15, '2025-05-10 17:48:51'),
(340, '2025-01-28 00:00:00', 'arrivée', '2025-02-04 00:00:00', 15, '2025-05-10 17:48:51'),
(341, '2025-01-28 00:00:00', 'arrivée', '2025-02-04 00:00:00', 2, '2025-05-10 13:00:57'),
(342, '2025-01-29 00:00:00', 'arrivée', '2025-02-05 00:00:00', 2, '2025-05-10 13:00:57'),
(343, '2025-01-29 00:00:00', 'arrivée', '2025-02-05 00:00:00', 2, '2025-05-10 13:00:57'),
(344, '2025-01-29 00:00:00', 'arrivée', '2025-02-05 00:00:00', 2, '2025-05-10 13:00:57'),
(345, '2025-01-29 00:00:00', 'arrivée', '2025-02-05 00:00:00', 2, '2025-05-10 13:00:57'),
(346, '2025-01-29 00:00:00', 'arrivée', '2025-02-05 00:00:00', 2, '2025-05-10 13:00:57'),
(347, '2025-01-29 00:00:00', 'arrivée', '2025-02-05 00:00:00', 2, '2025-05-10 13:00:57'),
(348, '2025-01-29 00:00:00', 'arrivée', '2025-02-05 00:00:00', 2, '2025-05-10 13:00:57'),
(349, '2025-01-29 00:00:00', 'arrivée', '2025-02-05 00:00:00', 2, '2025-05-10 13:00:57'),
(350, '2025-01-29 00:00:00', 'arrivée', '2025-02-05 00:00:00', 2, '2025-05-10 13:00:57'),
(351, '2025-01-29 00:00:00', 'arrivée', '2025-02-05 00:00:00', 2, '2025-05-10 13:00:57'),
(352, '2025-01-29 00:00:00', 'arrivée', '2025-02-05 00:00:00', 2, '2025-05-10 13:00:57'),
(353, '2025-01-29 00:00:00', 'arrivée', '2025-02-05 00:00:00', 2, '2025-05-10 13:00:57'),
(354, '2025-01-29 00:00:00', 'arrivée', '2025-02-05 00:00:00', 2, '2025-05-10 13:00:57'),
(355, '2025-01-29 00:00:00', 'arrivée', '2025-02-05 00:00:00', 2, '2025-05-10 13:00:57'),
(356, '2025-01-29 00:00:00', 'arrivée', '2025-02-05 00:00:00', 2, '2025-05-10 13:00:57'),
(357, '2025-01-29 00:00:00', 'arrivée', '2025-02-05 00:00:00', 2, '2025-05-10 13:00:57'),
(358, '2025-01-29 00:00:00', 'arrivée', '2025-02-05 00:00:00', 2, '2025-05-10 13:00:57'),
(359, '2025-01-29 00:00:00', 'arrivée', '2025-02-05 00:00:00', 2, '2025-05-10 13:00:57'),
(360, '2025-01-29 00:00:00', 'arrivée', '2025-02-05 00:00:00', 2, '2025-05-10 13:00:57'),
(361, '2025-01-29 00:00:00', 'arrivée', '2025-02-05 00:00:00', 2, '2025-05-10 13:00:57'),
(362, '2025-01-29 00:00:00', 'arrivée', '2025-02-05 00:00:00', 2, '2025-05-10 13:00:57'),
(363, '2025-01-29 00:00:00', 'arrivée', '2025-02-05 00:00:00', 2, '2025-05-10 13:00:57'),
(364, '2025-01-29 00:00:00', 'arrivée', '2025-02-05 00:00:00', 15, '2025-05-10 17:48:51'),
(365, '2025-01-29 00:00:00', 'arrivée', '2025-02-05 00:00:00', 15, '2025-05-10 17:48:51'),
(366, '2025-01-29 00:00:00', 'arrivée', '2025-02-05 00:00:00', 15, '2025-05-10 17:48:51'),
(367, '2025-01-29 00:00:00', 'arrivée', '2025-02-05 00:00:00', 15, '2025-05-10 17:48:51'),
(368, '2025-01-29 00:00:00', 'arrivée', '2025-02-05 00:00:00', 15, '2025-05-10 17:48:51'),
(369, '2025-01-29 00:00:00', 'arrivée', '2025-02-05 00:00:00', 15, '2025-05-10 17:48:51'),
(370, '2025-01-29 00:00:00', 'arrivée', '2025-02-05 00:00:00', 15, '2025-05-10 17:48:51'),
(371, '2025-01-29 00:00:00', 'arrivée', '2025-02-05 00:00:00', 15, '2025-05-10 17:48:51'),
(372, '2025-01-29 00:00:00', 'arrivée', '2025-02-05 00:00:00', 2, '2025-05-10 13:00:57'),
(373, '2025-01-29 00:00:00', 'arrivée', '2025-02-05 00:00:00', 2, '2025-05-10 13:00:57'),
(374, '2025-01-29 00:00:00', 'arrivée', '2025-02-05 00:00:00', 2, '2025-05-10 13:00:57'),
(375, '2025-01-29 00:00:00', 'arrivée', '2025-02-05 00:00:00', 15, '2025-05-10 17:48:51'),
(376, '2025-01-29 00:00:00', 'arrivée', '2025-02-05 00:00:00', 15, '2025-05-10 17:48:51'),
(377, '2025-01-29 00:00:00', 'arrivée', '2025-02-05 00:00:00', 15, '2025-05-10 17:48:51'),
(378, '2025-01-29 00:00:00', 'arrivée', '2025-02-05 00:00:00', 15, '2025-05-10 17:48:51'),
(379, '2025-01-29 00:00:00', 'arrivée', '2025-02-05 00:00:00', 15, '2025-05-10 17:48:51'),
(380, '2025-01-29 00:00:00', 'arrivée', '2025-02-05 00:00:00', 15, '2025-05-10 17:48:51'),
(381, '2025-01-29 00:00:00', 'arrivée', '2025-02-05 00:00:00', 15, '2025-05-10 17:48:51'),
(382, '2025-01-29 00:00:00', 'arrivée', '2025-02-05 00:00:00', 15, '2025-05-10 17:48:51'),
(383, '2025-01-29 00:00:00', 'arrivée', '2025-02-05 00:00:00', 24, '2025-05-10 17:48:51'),
(384, '2025-01-29 00:00:00', 'arrivée', '2025-02-05 00:00:00', 24, '2025-05-10 17:48:51'),
(385, '2025-01-29 00:00:00', 'arrivée', '2025-02-05 00:00:00', 24, '2025-05-10 17:48:51'),
(386, '2025-01-29 00:00:00', 'arrivée', '2025-02-05 00:00:00', 24, '2025-05-10 17:48:51'),
(387, '2025-01-29 00:00:00', 'arrivée', '2025-02-05 00:00:00', 24, '2025-05-10 17:48:51'),
(388, '2025-01-29 00:00:00', 'arrivée', '2025-02-05 00:00:00', 24, '2025-05-10 17:48:51'),
(389, '2025-01-29 00:00:00', 'arrivée', '2025-02-05 00:00:00', 24, '2025-05-10 17:48:51'),
(390, '2025-01-29 00:00:00', 'arrivée', '2025-02-05 00:00:00', 24, '2025-05-10 17:48:51'),
(391, '2025-01-29 00:00:00', 'arrivée', '2025-02-05 00:00:00', 24, '2025-05-10 17:48:51'),
(392, '2025-01-29 00:00:00', 'arrivée', '2025-02-05 00:00:00', 24, '2025-05-10 17:48:51'),
(393, '2025-01-29 00:00:00', 'arrivée', '2025-02-05 00:00:00', 24, '2025-05-10 17:48:51'),
(395, '2025-01-29 00:00:00', 'arrivée', '2025-02-05 00:00:00', 24, '2025-05-10 17:48:51'),
(396, '2025-01-29 00:00:00', 'arrivée', '2025-02-05 00:00:00', 24, '2025-05-10 17:48:51'),
(397, '2025-01-29 00:00:00', 'arrivée', '2025-02-05 00:00:00', 24, '2025-05-10 17:48:51'),
(398, '2025-01-29 00:00:00', 'arrivée', '2025-02-05 00:00:00', 24, '2025-05-10 17:48:51'),
(399, '2025-01-29 00:00:00', 'arrivée', '2025-02-05 00:00:00', 24, '2025-05-10 17:48:51'),
(400, '2025-01-29 00:00:00', 'arrivée', '2025-02-05 00:00:00', 24, '2025-05-10 17:48:51'),
(401, '2025-01-29 00:00:00', 'arrivée', '2025-02-05 00:00:00', 24, '2025-05-10 17:48:51'),
(402, '2025-01-29 00:00:00', 'arrivée', '2025-02-05 00:00:00', 24, '2025-05-10 17:48:51'),
(403, '2025-01-29 00:00:00', 'arrivée', '2025-02-05 00:00:00', 24, '2025-05-10 17:48:51'),
(404, '2025-01-29 00:00:00', 'arrivée', '2025-02-05 00:00:00', 24, '2025-05-10 17:48:51'),
(405, '2025-01-29 00:00:00', 'arrivée', '2025-02-05 00:00:00', 24, '2025-05-10 17:48:51'),
(406, '2025-01-30 00:00:00', 'arrivée', '2025-02-06 00:00:00', 2, '2025-05-10 13:00:57'),
(407, '2025-01-30 00:00:00', 'arrivée', '2025-02-06 00:00:00', 2, '2025-05-10 13:00:57'),
(408, '2025-01-30 00:00:00', 'arrivée', '2025-02-06 00:00:00', 2, '2025-05-10 13:00:57'),
(409, '2025-01-30 00:00:00', 'arrivée', '2025-02-06 00:00:00', 15, '2025-05-10 17:48:51'),
(410, '2025-01-30 00:00:00', 'arrivée', '2025-02-06 00:00:00', 15, '2025-05-10 17:48:51'),
(411, '2025-01-30 00:00:00', 'arrivée', '2025-02-06 00:00:00', 15, '2025-05-10 17:48:51'),
(412, '2025-01-30 00:00:00', 'arrivée', '2025-02-06 00:00:00', 15, '2025-05-10 17:48:51'),
(413, '2025-01-30 00:00:00', 'arrivée', '2025-02-06 00:00:00', 15, '2025-05-10 17:48:51'),
(414, '2025-01-30 00:00:00', 'arrivée', '2025-02-06 00:00:00', 15, '2025-05-10 17:48:51'),
(415, '2025-01-30 00:00:00', 'arrivée', '2025-02-06 00:00:00', 15, '2025-05-10 17:48:51'),
(417, '2025-02-02 00:00:00', 'arrivée', '2025-02-09 00:00:00', 15, '2025-05-10 17:48:51'),
(418, '2025-02-02 00:00:00', 'arrivée', '2025-02-09 00:00:00', 15, '2025-05-10 17:48:51'),
(419, '2025-02-02 00:00:00', 'arrivée', '2025-02-09 00:00:00', 15, '2025-05-10 17:48:51'),
(420, '2025-02-02 00:00:00', 'arrivée', '2025-02-09 00:00:00', 15, '2025-05-10 17:48:51'),
(421, '2025-02-02 00:00:00', 'arrivée', '2025-02-09 00:00:00', 15, '2025-05-10 17:48:51'),
(422, '2025-02-02 00:00:00', 'arrivée', '2025-02-09 00:00:00', 15, '2025-05-10 17:48:51'),
(423, '2025-02-02 00:00:00', 'arrivée', '2025-02-09 00:00:00', 15, '2025-05-10 17:48:51'),
(424, '2025-02-02 00:00:00', 'arrivée', '2025-02-09 00:00:00', 15, '2025-05-10 17:48:51'),
(425, '2025-02-02 00:00:00', 'arrivée', '2025-02-09 00:00:00', 24, '2025-05-10 17:48:51'),
(426, '2025-02-02 00:00:00', 'arrivée', '2025-02-09 00:00:00', 24, '2025-05-10 17:48:51'),
(427, '2025-02-02 00:00:00', 'arrivée', '2025-02-09 00:00:00', 2, '2025-05-10 13:00:57'),
(428, '2025-02-02 00:00:00', 'arrivée', '2025-02-09 00:00:00', 15, '2025-05-10 17:48:51'),
(429, '2025-02-02 00:00:00', 'arrivée', '2025-02-09 00:00:00', 15, '2025-05-10 17:48:51'),
(430, '2025-02-02 00:00:00', 'arrivée', '2025-02-09 00:00:00', 15, '2025-05-10 17:48:51'),
(431, '2025-02-02 00:00:00', 'arrivée', '2025-02-09 00:00:00', 15, '2025-05-10 17:48:51'),
(432, '2025-02-02 00:00:00', 'arrivée', '2025-02-09 00:00:00', 15, '2025-05-10 17:48:51'),
(433, '2025-02-02 00:00:00', 'arrivée', '2025-02-09 00:00:00', 15, '2025-05-10 17:48:51'),
(434, '2025-02-02 00:00:00', 'arrivée', '2025-02-09 00:00:00', 15, '2025-05-10 17:48:51'),
(435, '2025-02-02 00:00:00', 'arrivée', '2025-02-09 00:00:00', 15, '2025-05-10 17:48:51'),
(436, '2025-02-02 00:00:00', 'arrivée', '2025-02-09 00:00:00', 15, '2025-05-10 17:48:51'),
(437, '2025-02-02 00:00:00', 'arrivée', '2025-02-09 00:00:00', 15, '2025-05-10 17:48:51'),
(438, '2025-02-02 00:00:00', 'arrivée', '2025-02-09 00:00:00', 15, '2025-05-10 17:48:51'),
(439, '2025-02-02 00:00:00', 'arrivée', '2025-02-09 00:00:00', 15, '2025-05-10 17:48:51'),
(440, '2025-02-02 00:00:00', 'arrivée', '2025-02-09 00:00:00', 15, '2025-05-10 17:48:51'),
(441, '2025-02-02 00:00:00', 'arrivée', '2025-02-09 00:00:00', 15, '2025-05-10 17:48:51'),
(442, '2025-02-02 00:00:00', 'arrivée', '2025-02-09 00:00:00', 15, '2025-05-10 17:48:51'),
(443, '2025-02-02 00:00:00', 'arrivée', '2025-02-09 00:00:00', 15, '2025-05-10 17:48:51'),
(444, '2025-02-02 00:00:00', 'arrivée', '2025-02-09 00:00:00', 15, '2025-05-10 17:48:51'),
(445, '2025-02-02 00:00:00', 'arrivée', '2025-02-09 00:00:00', 15, '2025-05-10 17:48:51'),
(446, '2025-02-02 00:00:00', 'arrivée', '2025-02-09 00:00:00', 15, '2025-05-10 17:48:51'),
(447, '2025-02-02 00:00:00', 'arrivée', '2025-02-09 00:00:00', 15, '2025-05-10 17:48:51'),
(448, '2025-02-02 00:00:00', 'arrivée', '2025-02-09 00:00:00', 15, '2025-05-10 17:48:51'),
(449, '2025-02-02 00:00:00', 'arrivée', '2025-02-09 00:00:00', 15, '2025-05-10 17:48:51'),
(452, '2025-02-03 00:00:00', 'arrivée', '2025-02-10 00:00:00', 15, '2025-05-10 17:48:51'),
(453, '2025-02-03 00:00:00', 'arrivée', '2025-02-10 00:00:00', 15, '2025-05-10 17:48:51'),
(454, '2025-02-03 00:00:00', 'en attente', '2025-12-12 00:00:00', 53, '2025-05-04 01:29:35'),
(463, '2000-12-10 00:00:00', 'en attente', '2000-12-20 00:00:00', 15, '2025-05-10 17:48:51'),
(464, '2000-12-20 00:00:00', 'en attente', '2000-12-22 00:00:00', 15, '2025-05-10 17:48:51'),
(466, '2020-12-12 00:00:00', 'en attente', '2020-12-18 00:00:00', 15, '2025-05-10 17:48:51'),
(467, '2020-12-12 00:00:00', 'arrivée', '2020-12-12 00:00:00', 15, '2025-05-10 17:48:51'),
(468, '2020-12-12 00:00:00', 'arrivée', '2020-12-12 00:00:00', 40, '2025-05-10 17:48:51'),
(469, '2025-05-04 00:00:00', 'expédiée', '2025-05-11 00:00:00', 1, '2025-05-10 17:48:51'),
(470, '2020-12-12 00:00:00', 'arrivée', '2020-12-20 00:00:00', 1, '2025-05-10 17:48:51'),
(471, '2025-09-05 00:00:00', 'en attente', '2025-12-05 00:00:00', 15, '2025-05-10 17:48:51'),
(472, '2025-12-12 00:00:00', 'expédiée', '2025-12-20 00:00:00', 1, '2025-05-10 17:48:51'),
(473, '2025-12-12 00:00:00', 'expédiée', '2025-12-20 00:00:00', 1, '2025-05-10 17:48:51'),
(474, '2025-12-12 00:00:00', 'expédiée', '2025-12-20 00:00:00', 1, '2025-05-10 17:48:51'),
(478, '2025-09-09 00:00:00', 'en attente', '2025-12-09 00:00:00', 15, '2025-05-10 17:48:51'),
(479, '2025-09-09 00:00:00', 'en attente', '2025-12-09 00:00:00', 15, '2025-05-10 17:48:51');

-- --------------------------------------------------------

--
-- Structure de la table `archivelignecommande`
--

CREATE TABLE `archivelignecommande` (
  `idLigneCommande` int NOT NULL,
  `idCommande` int DEFAULT NULL,
  `idLivre` int DEFAULT NULL,
  `quantiteLigneCommande` int DEFAULT NULL,
  `date_archivage` datetime NOT NULL DEFAULT CURRENT_TIMESTAMP
) ENGINE=InnoDB DEFAULT CHARSET=utf8mb4 COLLATE=utf8mb4_0900_ai_ci COMMENT='Archive des lignes de commande';

--
-- Déchargement des données de la table `archivelignecommande`
--

INSERT INTO `archivelignecommande` (`idLigneCommande`, `idCommande`, `idLivre`, `quantiteLigneCommande`, `date_archivage`) VALUES
(546, 301, 1, 3, '2025-05-10 13:00:57'),
(547, 302, 2, 3, '2025-05-10 13:00:57'),
(548, 303, 3, 3, '2025-05-10 13:00:57'),
(549, 304, 3, 3, '2025-05-10 13:00:57'),
(550, 305, 3, 3, '2025-05-10 13:00:57'),
(551, 306, 1, 3, '2025-05-10 13:00:57'),
(552, 307, 2, 3, '2025-05-10 13:00:57'),
(553, 308, 2, 3, '2025-05-10 13:00:57'),
(554, 309, 2, 20, '2025-05-10 13:00:57'),
(555, 310, 2, 2, '2025-05-10 13:00:57'),
(556, 311, 3, 2, '2025-05-10 13:00:57'),
(557, 312, 1, 3, '2025-05-10 13:00:57'),
(558, 313, 1, 2, '2025-05-10 13:00:57'),
(559, 314, 1, 2, '2025-05-10 13:00:57'),
(560, 315, 1, 3, '2025-05-10 13:00:57'),
(561, 316, 1, 3, '2025-05-10 13:00:57'),
(562, 317, 1, 3, '2025-05-10 13:00:57'),
(563, 318, 1, 3, '2025-05-10 13:00:57'),
(564, 319, 1, 3, '2025-05-10 13:00:57'),
(565, 320, 1, 3, '2025-05-10 13:00:57'),
(566, 321, 1, 3, '2025-05-10 13:00:57'),
(567, 322, 1, 3, '2025-05-10 13:00:57'),
(568, 323, 1, 3, '2025-05-10 13:00:57'),
(569, 324, 1, 3, '2025-05-10 13:00:57'),
(570, 325, 1, 3, '2025-05-10 13:00:57'),
(571, 330, 1, 3, '2025-05-10 13:00:57'),
(572, 331, 1, 3, '2025-05-10 13:00:57'),
(573, 332, 1, 3, '2025-05-10 13:00:57'),
(615, 337, 2, 10, '2025-05-10 17:48:51'),
(616, 338, 6, 1, '2025-05-10 13:00:57'),
(617, 337, 3, 10, '2025-05-10 17:48:51'),
(618, 339, 8, 1, '2025-05-10 17:48:51'),
(619, 340, 6, 1, '2025-05-10 17:48:51'),
(620, 364, 2, 2, '2025-05-10 17:48:51'),
(621, 365, 6, 1, '2025-05-10 17:48:51'),
(622, 366, 2, 2, '2025-05-10 17:48:51'),
(623, 367, 6, 1, '2025-05-10 17:48:51'),
(624, 368, 2, 1, '2025-05-10 17:48:51'),
(625, 369, 6, 1, '2025-05-10 17:48:51'),
(626, 370, 2, 1, '2025-05-10 17:48:51'),
(627, 371, 2, 1, '2025-05-10 17:48:51'),
(628, 372, 6, 1, '2025-05-10 13:00:57'),
(629, 373, 6, 1, '2025-05-10 13:00:57'),
(630, 374, 6, 1, '2025-05-10 13:00:57'),
(631, 375, 6, 1, '2025-05-10 17:48:51'),
(632, 376, 2, 1, '2025-05-10 17:48:51'),
(633, 377, 6, 1, '2025-05-10 17:48:51'),
(634, 378, 2, 1, '2025-05-10 17:48:51'),
(635, 379, 6, 1, '2025-05-10 17:48:51'),
(636, 380, 2, 1, '2025-05-10 17:48:51'),
(637, 381, 2, 10, '2025-05-10 17:48:51'),
(638, 382, 2, 10, '2025-05-10 17:48:51'),
(639, 383, 2, 10, '2025-05-10 17:48:51'),
(640, 384, 2, 10, '2025-05-10 17:48:51'),
(641, 385, 2, 5, '2025-05-10 17:48:51'),
(642, 386, 6, 1, '2025-05-10 17:48:51'),
(643, 387, 3, 10, '2025-05-10 17:48:51'),
(644, 388, 3, 10, '2025-05-10 17:48:51'),
(645, 389, 4, 10, '2025-05-10 17:48:51'),
(646, 390, 2, 4, '2025-05-10 17:48:51'),
(647, 391, 6, 1, '2025-05-10 17:48:51'),
(648, 392, 2, 10, '2025-05-10 17:48:51'),
(649, 393, 6, 1, '2025-05-10 17:48:51'),
(651, 395, 2, 1, '2025-05-10 17:48:51'),
(652, 396, 2, 1, '2025-05-10 17:48:51'),
(653, 397, 2, 1, '2025-05-10 17:48:51'),
(654, 398, 2, 1, '2025-05-10 17:48:51'),
(655, 399, 6, 1, '2025-05-10 17:48:51'),
(656, 400, 2, 1, '2025-05-10 17:48:51'),
(657, 401, 2, 1, '2025-05-10 17:48:51'),
(658, 402, 2, 1, '2025-05-10 17:48:51'),
(659, 403, 6, 1, '2025-05-10 17:48:51'),
(660, 404, 2, 1, '2025-05-10 17:48:51'),
(661, 405, 6, 1, '2025-05-10 17:48:51'),
(662, 406, 6, 1, '2025-05-10 13:00:57'),
(663, 407, 6, 1, '2025-05-10 13:00:57'),
(664, 408, 6, 1, '2025-05-10 13:00:57'),
(665, 409, 3, 1, '2025-05-10 17:48:51'),
(666, 409, 9, 1, '2025-05-10 17:48:51'),
(667, 410, 6, 1, '2025-05-10 17:48:51'),
(668, 411, 2, 1, '2025-05-10 17:48:51'),
(669, 412, 3, 1, '2025-05-10 17:48:51'),
(670, 413, 3, 1, '2025-05-10 17:48:51'),
(671, 414, 3, 1, '2025-05-10 17:48:51'),
(672, 415, 9, 1, '2025-05-10 17:48:51'),
(674, 417, 2, 1, '2025-05-10 17:48:51'),
(675, 418, 12, 1, '2025-05-10 17:48:51'),
(676, 419, 2, 1, '2025-05-10 17:48:51'),
(677, 420, 12, 1, '2025-05-10 17:48:51'),
(678, 421, 2, 1, '2025-05-10 17:48:51'),
(679, 422, 9, 1, '2025-05-10 17:48:51'),
(680, 423, 3, 1, '2025-05-10 17:48:51'),
(681, 424, 12, 1, '2025-05-10 17:48:51'),
(682, 425, 2, 1, '2025-05-10 17:48:51'),
(683, 426, 3, 1, '2025-05-10 17:48:51'),
(684, 427, 10, 1, '2025-05-10 13:00:57'),
(685, 428, 2, 1, '2025-05-10 17:48:51'),
(686, 429, 11, 1, '2025-05-10 17:48:51'),
(687, 430, 2, 1, '2025-05-10 17:48:51'),
(688, 431, 2, 1, '2025-05-10 17:48:51'),
(689, 432, 11, 1, '2025-05-10 17:48:51'),
(690, 433, 2, 1, '2025-05-10 17:48:51'),
(691, 434, 11, 1, '2025-05-10 17:48:51'),
(692, 435, 2, 1, '2025-05-10 17:48:51'),
(693, 436, 12, 1, '2025-05-10 17:48:51'),
(694, 437, 2, 1, '2025-05-10 17:48:51'),
(695, 438, 12, 1, '2025-05-10 17:48:51'),
(696, 439, 2, 1, '2025-05-10 17:48:51'),
(697, 440, 11, 1, '2025-05-10 17:48:51'),
(698, 441, 2, 1, '2025-05-10 17:48:51'),
(699, 442, 12, 1, '2025-05-10 17:48:51'),
(700, 443, 2, 1, '2025-05-10 17:48:51'),
(701, 444, 12, 1, '2025-05-10 17:48:51'),
(702, 445, 2, 1, '2025-05-10 17:48:51'),
(703, 446, 12, 1, '2025-05-10 17:48:51'),
(704, 447, 2, 1, '2025-05-10 17:48:51'),
(705, 448, 9, 1, '2025-05-10 17:48:51'),
(706, 449, 2, 1, '2025-05-10 17:48:51'),
(712, 452, 3, 1, '2025-05-10 17:48:51'),
(713, 452, 2, 2, '2025-05-10 17:48:51'),
(714, 452, 14, 5, '2025-05-10 17:48:51'),
(715, 453, 2, 5, '2025-05-10 17:48:51'),
(716, 454, 2, 1, '2025-05-04 01:29:35'),
(717, 454, 3, 1, '2025-05-04 01:29:35'),
(718, 454, 13, 1, '2025-05-04 01:29:35'),
(725, 463, 13, 20, '2025-05-10 17:48:51'),
(726, 464, 1, 10, '2025-05-10 17:48:51'),
(729, 466, 1, 5, '2025-05-10 17:48:51'),
(730, 467, 1, 6, '2025-05-10 17:48:51'),
(731, 468, 1, 6, '2025-05-10 17:48:51'),
(732, 469, 1, 10, '2025-05-10 17:48:51'),
(733, 470, 1, 10, '2025-05-10 17:48:51'),
(734, 471, 1, 100, '2025-05-10 17:48:51'),
(735, 472, 1, 51, '2025-05-10 17:48:51'),
(736, 473, 1, 21, '2025-05-10 17:48:51'),
(737, 474, 1, 21, '2025-05-10 17:48:51'),
(744, 478, 1, 1, '2025-05-10 17:48:51'),
(745, 479, 1, 10, '2025-05-10 17:48:51'),
(746, 479, 2, 10, '2025-05-10 17:48:51');

-- --------------------------------------------------------

--
-- Structure de la table `avis`
--

CREATE TABLE `avis` (
  `idAvis` int NOT NULL,
  `idLivre` int NOT NULL,
  `idUser` int NOT NULL,
  `commentaireAvis` text NOT NULL,
  `noteAvis` tinyint NOT NULL,
  `dateAvis` date NOT NULL
) ENGINE=InnoDB DEFAULT CHARSET=utf8mb4 COLLATE=utf8mb4_0900_ai_ci;

--
-- Déchargement des données de la table `avis`
--

INSERT INTO `avis` (`idAvis`, `idLivre`, `idUser`, `commentaireAvis`, `noteAvis`, `dateAvis`) VALUES
(1, 1, 15, 'Poésie complexe mais fascinante', 4, '2025-02-01'),
(2, 1, 16, 'Difficile d\'accès', 2, '2025-02-02'),
(3, 1, 17, 'Un must de la poésie moderne', 5, '2025-02-03'),
(4, 2, 18, 'Profondeur psychologique remarquable', 3, '2025-02-04'),
(5, 2, 19, 'Trop long et lent', 1, '2025-02-05'),
(6, 2, 20, 'Une œuvre magistrale', 4, '2025-02-06'),
(7, 3, 21, 'Absurde et génial', 2, '2025-02-07'),
(8, 3, 22, 'Déprimant mais nécessaire', 5, '2025-02-08'),
(9, 3, 23, 'Une réflexion sur l\'existence', 3, '2025-02-09'),
(10, 4, 24, 'Fondateur de la littérature occidentale', 1, '2025-02-10'),
(11, 4, 25, 'Version ancienne peu accessible', 4, '2025-02-11'),
(12, 4, 26, 'Indispensable classique', 2, '2025-02-12'),
(13, 5, 27, 'Beauté noire envoûtante', 5, '2025-02-13'),
(14, 5, 28, 'Trop sombre à mon goût', 3, '2025-02-14'),
(15, 5, 29, 'Baudelaire au sommet', 1, '2025-02-15'),
(16, 6, 30, 'Parfait pour débuter', 4, '2025-02-16'),
(17, 6, 31, 'Exemples concrets utiles', 2, '2025-02-17'),
(18, 6, 32, 'Un peu trop basique', 5, '2025-02-18'),
(19, 7, 33, 'Guide complet mais dense', 3, '2025-02-19'),
(20, 7, 34, 'Approche pédagogique claire', 1, '2025-02-20'),
(21, 7, 35, 'Exercices pratiques manquants', 4, '2025-02-21'),
(22, 8, 36, 'Histoire romaine captivante', 2, '2025-02-22'),
(23, 8, 37, 'Trop académique', 5, '2025-02-23'),
(24, 8, 38, 'Une nouvelle perspective', 3, '2025-02-24'),
(25, 9, 39, 'Chef-d\'œuvre de la littérature', 1, '2025-02-25'),
(26, 9, 40, 'Style trop alambiqué', 4, '2025-02-26'),
(27, 9, 41, 'Expérience immersive', 2, '2025-02-27'),
(28, 10, 42, 'Roman social puissant', 5, '2025-02-28'),
(29, 10, 43, 'Long mais enrichissant', 3, '2025-03-01'),
(30, 10, 44, 'Personnages mémorables', 1, '2025-03-02'),
(31, 11, 45, 'Vision terrifiante du futur', 4, '2025-03-03'),
(32, 11, 46, 'Toujours d\'actualité', 2, '2025-03-04'),
(33, 11, 47, 'Un peu angoissant', 5, '2025-03-05'),
(34, 12, 48, 'Approche philosophique', 3, '2025-03-06'),
(35, 12, 49, 'Intéressant mais daté', 1, '2025-03-07'),
(36, 12, 50, 'Une lecture surprenante', 4, '2025-03-08'),
(37, 13, 51, 'Allégorie brillante', 2, '2025-03-09'),
(38, 13, 52, 'Pertinent en période d\'épidémie', 5, '2025-03-10'),
(39, 13, 53, 'Nécessite une relecture', 3, '2025-03-11'),
(40, 14, 54, 'Écriture sublime', 1, '2025-03-12'),
(41, 14, 55, 'Rythme trop lent', 4, '2025-03-13'),
(42, 14, 56, 'Portrait historique vivant', 2, '2025-03-14'),
(43, 15, 57, 'Roman profondément humain', 5, '2025-03-15'),
(44, 15, 58, 'Passages confus', 3, '2025-03-16'),
(45, 15, 59, 'Une réflexion sur l\'engagement', 1, '2025-03-17'),
(46, 16, 60, 'Intrigue palpitante', 4, '2025-03-18'),
(47, 16, 61, 'Trop de rebondissements', 2, '2025-03-19'),
(48, 16, 62, 'Un classique du roman-feuilleton', 5, '2025-03-20'),
(49, 17, 63, 'Ironie sociale délicieuse', 3, '2025-03-21'),
(50, 17, 64, 'Personnages féminins forts', 1, '2025-03-22'),
(51, 17, 65, 'Un peu trop romantique', 4, '2025-03-23'),
(52, 18, 66, 'Horreur psychologique maîtrisée', 2, '2025-03-24'),
(53, 18, 67, 'Plus angoissant que le film', 5, '2025-03-25'),
(54, 18, 68, 'Déception après le film', 3, '2025-03-26'),
(55, 19, 69, 'Satire sociale mordante', 1, '2025-03-27'),
(56, 19, 70, 'Personnage principal détestable', 4, '2025-03-28'),
(57, 19, 71, 'Un Maupassant incontournable', 2, '2025-03-29'),
(58, 20, 72, 'Vision prophétique', 5, '2025-03-30'),
(59, 20, 73, 'Surcoté selon moi', 3, '2025-03-31'),
(60, 20, 74, 'Un avertissement nécessaire', 1, '2025-04-01');

-- --------------------------------------------------------

--
-- Structure de la table `categorie`
--

CREATE TABLE `categorie` (
  `idCategorie` int NOT NULL,
  `nomCategorie` varchar(50) NOT NULL
) ENGINE=InnoDB DEFAULT CHARSET=utf8mb4 COLLATE=utf8mb4_0900_ai_ci;

--
-- Déchargement des données de la table `categorie`
--

INSERT INTO `categorie` (`idCategorie`, `nomCategorie`) VALUES
(1, 'Roman'),
(2, 'Histoire'),
(3, 'Recueil de Poèmes'),
(4, 'Programmation');

-- --------------------------------------------------------

--
-- Structure de la table `commande`
--

CREATE TABLE `commande` (
  `idCommande` int NOT NULL,
  `dateCommande` date DEFAULT NULL,
  `statutCommande` enum('en attente','expédiée','arrivée') CHARACTER SET utf8mb4 COLLATE utf8mb4_0900_ai_ci DEFAULT NULL,
  `dateLivraisonCommande` date DEFAULT NULL,
  `idUser` int DEFAULT NULL
) ENGINE=InnoDB DEFAULT CHARSET=utf8mb4 COLLATE=utf8mb4_0900_ai_ci;

--
-- Déchargement des données de la table `commande`
--

INSERT INTO `commande` (`idCommande`, `dateCommande`, `statutCommande`, `dateLivraisonCommande`, `idUser`) VALUES
(1, '2025-04-10', 'en attente', '2025-04-15', 1),
(2, '2025-04-11', 'expédiée', '2025-04-16', 2),
(3, '2025-04-12', 'arrivée', '2025-04-18', 3),
(4, '2025-04-12', 'en attente', NULL, 4),
(5, '2025-04-13', 'expédiée', '2025-04-17', 5),
(6, '2025-04-14', 'arrivée', '2025-04-19', 6),
(7, '2025-04-15', 'expédiée', '2025-04-20', 7),
(8, '2025-04-16', 'en attente', NULL, 8),
(9, '2025-04-17', 'arrivée', '2025-04-22', 9),
(10, '2025-04-17', 'en attente', NULL, 10),
(11, '2025-04-18', 'expédiée', '2025-04-23', 11),
(12, '2025-04-19', 'arrivée', '2025-04-24', 12),
(13, '2025-04-20', 'en attente', '2025-04-25', 13),
(14, '2025-04-21', 'expédiée', '2025-04-26', 14),
(15, '2025-04-21', 'arrivée', '2025-04-26', 15),
(16, '2025-04-22', 'en attente', NULL, 16),
(17, '2025-04-23', 'expédiée', '2025-04-28', 17),
(18, '2025-04-23', 'arrivée', '2025-04-28', 18),
(19, '2025-04-24', 'expédiée', '2025-04-29', 19),
(20, '2025-04-25', 'en attente', NULL, 20),
(21, '2025-04-25', 'arrivée', '2025-04-30', 21),
(22, '2025-04-26', 'expédiée', '2025-05-01', 22),
(23, '2025-04-27', 'arrivée', '2025-05-02', 23),
(24, '2025-04-27', 'en attente', NULL, 24),
(25, '2025-04-28', 'expédiée', '2025-05-03', 25),
(26, '2025-04-29', 'en attente', NULL, 26),
(27, '2025-04-30', 'arrivée', '2025-05-05', 27),
(28, '2025-05-01', 'expédiée', '2025-05-06', 28),
(29, '2025-05-02', 'arrivée', '2025-05-07', 29),
(30, '2025-05-03', 'en attente', NULL, 30);

--
-- Déclencheurs `commande`
--
DELIMITER $$
CREATE TRIGGER `tUpdateStockCommande` AFTER UPDATE ON `commande` FOR EACH ROW BEGIN
IF NEW.statutCommande = 'expédiée' THEN
UPDATE livre l
JOIN ligneCommande lc ON l.idLivre = lc.idLivre
SET l.exemplaireLivre = l.exemplaireLivre - lc.quantiteLigneCommande
WHERE lc.idCommande = NEW.idCommande;
END IF;
END
$$
DELIMITER ;

-- --------------------------------------------------------

--
-- Structure de la table `entreprise`
--

CREATE TABLE `entreprise` (
  `idUser` int NOT NULL,
  `siretUser` bigint DEFAULT NULL,
  `raisonSocialeUser` varchar(255) DEFAULT NULL,
  `capitalSocialUser` float(15,2) DEFAULT NULL
) ENGINE=InnoDB DEFAULT CHARSET=utf8mb4 COLLATE=utf8mb4_0900_ai_ci;

--
-- Déchargement des données de la table `entreprise`
--

INSERT INTO `entreprise` (`idUser`, `siretUser`, `raisonSocialeUser`, `capitalSocialUser`) VALUES
(26, 73282932000012, 'Capgemini', 1000000.00),
(27, 84392847500018, 'Dassault Systèmes', 3000000.00),
(28, 48923456700014, 'Airbus', 10000000.00),
(29, 89457632100021, 'Thales', 5000000.00),
(30, 73049285000033, 'Ubisoft', 2000000.00),
(31, 83457234900012, 'OVHCloud', 1500000.00),
(32, 98524310000015, 'Atos', 2200000.00),
(33, 74382019900017, 'Sopra Steria', 1800000.00),
(34, 83520487200019, 'Orange Business', 2500000.00),
(35, 93458237600016, 'Groupe ADP', 4000000.00),
(36, 82374910200013, 'Carrefour', 9000000.00),
(37, 71289347200012, 'LVMH', 16000000.00),
(38, 65493280100011, 'Renault', 8000000.00),
(39, 89347209300018, 'Bouygues Telecom', 4700000.00),
(40, 74382019300012, 'SNCF', 12000000.00),
(41, 62394720100013, 'EDF', 15000000.00),
(42, 83947202800015, 'Veolia', 6000000.00),
(43, 73928475000019, 'Danone', 7200000.00),
(44, 75930287100017, 'Accor', 3100000.00),
(45, 82304751200011, 'Engie', 9100000.00),
(46, 83294012200014, 'La Poste', 10000000.00),
(47, 75829347200013, 'CMA CGM', 5300000.00),
(48, 73582019300012, 'BNP Paribas', 9000000.00),
(49, 62938472000011, 'Société Générale', 9500000.00),
(50, 84937203900017, 'Crédit Agricole', 11000000.00);

-- --------------------------------------------------------

--
-- Structure de la table `ligneCommande`
--

CREATE TABLE `ligneCommande` (
  `idLigneCommande` int NOT NULL,
  `idCommande` int NOT NULL,
  `idLivre` int NOT NULL,
  `quantiteLigneCommande` int NOT NULL DEFAULT '1'
) ENGINE=InnoDB DEFAULT CHARSET=utf8mb4 COLLATE=utf8mb4_0900_ai_ci;

--
-- Déchargement des données de la table `ligneCommande`
--

INSERT INTO `ligneCommande` (`idLigneCommande`, `idCommande`, `idLivre`, `quantiteLigneCommande`) VALUES
(1, 1, 3, 2),
(2, 2, 5, 1),
(3, 3, 8, 3),
(4, 4, 6, 1),
(5, 5, 10, 4),
(6, 6, 12, 2),
(7, 7, 7, 1),
(8, 8, 2, 5),
(9, 9, 14, 1),
(10, 10, 9, 3),
(11, 11, 1, 1),
(12, 12, 16, 2),
(13, 13, 4, 2),
(14, 14, 3, 3),
(15, 15, 11, 1),
(16, 16, 17, 4),
(17, 17, 6, 2),
(18, 18, 13, 1),
(19, 19, 18, 2),
(20, 20, 20, 5),
(21, 21, 19, 3),
(22, 22, 15, 1),
(23, 23, 1, 2),
(24, 24, 5, 3),
(25, 25, 7, 2),
(26, 26, 2, 1),
(27, 27, 8, 4),
(28, 28, 10, 2),
(29, 29, 4, 1),
(30, 30, 9, 3);

--
-- Déclencheurs `ligneCommande`
--
DELIMITER $$
CREATE TRIGGER `tStockLivre` BEFORE UPDATE ON `ligneCommande` FOR EACH ROW BEGIN
    DECLARE t_totalQuantite INT;
    DECLARE t_exemplaireLivre INT;
    DECLARE t_idUser INT;

    SELECT idUser
    INTO t_idUser
    FROM commande
    WHERE idCommande = NEW.idCommande;

    SELECT SUM(lc.quantiteLigneCommande)
    INTO t_totalQuantite
    FROM ligneCommande lc
             INNER JOIN commande c ON lc.idCommande = c.idCommande
    WHERE lc.idLivre = NEW.idLivre
      AND c.idUser = t_idUser
      AND c.statutCommande = 'en attente'
      AND lc.idLigneCommande != OLD.idLigneCommande;

    SET t_totalQuantite = IFNULL(t_totalQuantite, 0) + NEW.quantiteLigneCommande;

    SELECT exemplaireLivre
    INTO t_exemplaireLivre
    FROM livre
    WHERE idLivre = NEW.idLivre;

    IF t_totalQuantite > t_exemplaireLivre THEN
        SIGNAL SQLSTATE '45000'
		SET MESSAGE_TEXT = 'La quantite totale depasse le nombre exemplaires disponibles pour ce livre';
END IF;
END
$$
DELIMITER ;

-- --------------------------------------------------------

--
-- Structure de la table `livre`
--

CREATE TABLE `livre` (
  `idLivre` int NOT NULL,
  `nomLivre` varchar(50) CHARACTER SET utf8mb4 COLLATE utf8mb4_0900_ai_ci NOT NULL,
  `auteurLivre` varchar(50) CHARACTER SET utf8mb4 COLLATE utf8mb4_0900_ai_ci DEFAULT NULL,
  `imageLivre` varchar(50) NOT NULL,
  `exemplaireLivre` int DEFAULT NULL,
  `prixLivre` float(10,2) NOT NULL,
  `idCategorie` int DEFAULT NULL,
  `idMaisonEdition` int DEFAULT NULL,
  `idPromotion` int DEFAULT NULL
) ENGINE=InnoDB DEFAULT CHARSET=utf8mb4 COLLATE=utf8mb4_0900_ai_ci;

--
-- Déchargement des données de la table `livre`
--

INSERT INTO `livre` (`idLivre`, `nomLivre`, `auteurLivre`, `imageLivre`, `exemplaireLivre`, `prixLivre`, `idCategorie`, `idMaisonEdition`, `idPromotion`) VALUES
(1, 'Alcools', 'Apollinaire', 'alcools.png', 100, 12.50, 3, 1, NULL),
(2, 'Crime et Chatiment', 'Dostoïevski', 'crime_et_chatiment.png', 100, 15.00, 1, 2, NULL),
(3, 'L`Etranger', 'Camus', 'l_etranger.png', 56, 10.00, 1, 3, NULL),
(4, 'L`Odyssée', 'Homère', 'l_odyssee.png', 89, 13.50, 2, 4, NULL),
(5, 'Les Fleurs du Mal', 'Baudelaire', 'les_fleurs_du_mal.png', 100, 14.00, 3, 5, 19),
(6, 'PHP et MySQL pour les nuls', 'Valade', 'php_et_mysql_pour_les_nuls.png', 79, 22.00, 4, 6, NULL),
(7, 'Programmer en Java', 'Delannoy', 'programmer_en_java.png', 100, 25.00, 4, 7, NULL),
(8, 'SPQR', 'Beard', 'spqr.png', 99, 18.00, 2, 8, NULL),
(9, 'À la recherche du temps perdu', 'Proust', 'a_la_recherche_du_temps_perdu.png', 96, 0.00, 1, 1, NULL),
(10, 'Les Misérables', 'Hugo', 'les_miserables_I.png', 98, 0.00, 1, 2, 12),
(11, '1984', 'Orwell', '1984.png', 95, 0.00, 1, 3, NULL),
(12, 'L`Art d\'aimer', 'Ovide', 'l_art_d_aimer', 92, 0.00, 1, 4, NULL),
(13, 'La Peste', 'Camus', 'la_peste.png', 98, 15.99, 1, 1, 17),
(14, 'Les Mémoires d\'Hadrien', 'Yourcenar', 'les_memoires_d_hadrien.png', 95, 12.99, 1, 1, NULL),
(15, 'La Condition humaine', 'Malraux', 'la_condition_humaine.png', 100, 14.99, 1, 1, NULL),
(16, 'Le Comte de Monte-Cristo', 'Dumas', 'le_comte_de_monte_cristo.png', 100, 9.99, 1, 2, NULL),
(17, 'Orgueil et Préjugés', 'Austen', 'orgueil_et_prejuges.png', 100, 8.99, 1, 2, NULL),
(18, 'Shining', 'King', 'shining.png', 100, 10.99, 1, 2, 9),
(19, 'Bel-Ami', 'Maupassant', 'bel_ami.png', 100, 11.99, 1, 3, NULL),
(20, 'Fahrenheit 451', 'Bradbury', 'fahrenheit_451.png', 100, 9.99, 1, 3, NULL),
(21, 'La Nuit des temps', 'Barjavel', 'la_nuit_des_temps.png', 100, 12.99, 1, 3, NULL),
(22, 'L`Énéide', 'Virgile', 'l_eneide.png', 100, 19.99, 3, 4, NULL),
(23, 'Les Pensées', 'Aurèle', 'les_pensees.png', 100, 18.99, 3, 4, 15),
(24, 'Les Métamorphoses', 'Ovide', 'les_metamorphoses.png', 100, 20.99, 3, 4, NULL),
(25, 'Le Petit Livre des citations latines', 'Delamaire', 'le_petit_livre_des_citations_latines.png', 100, 7.99, 3, 6, NULL),
(43, 'Le Petit Livre des grandes coïncidences', 'Chiflet', 'le_petit_livre_des_grandes_coincidences.png', 100, 7.99, 3, 6, NULL),
(44, 'Le Petit Livre des gros mensonges', 'Chiflet', 'le_petit_livre_des_gros_mensonges.png', 100, 7.99, 3, 6, NULL),
(45, 'L`Art de la guerre', 'Sun', 'l_art_de_la_guerre.png', 100, 12.99, 2, 7, 7),
(46, 'Apprendre à dessiner', 'Edwards', 'apprendre_a_dessiner.png', 100, 14.99, 4, 7, NULL),
(47, 'Le Lean Startup', 'Ries', 'le_lean_startup.png', 100, 16.99, 4, 7, NULL),
(48, 'Les Templiers', 'Demurger', 'les_templiers.png', 100, 18.99, 2, 8, NULL),
(49, 'La Seconde Guerre mondiale', 'Beevor', 'la_seconde_guerre_mondiale.png', 100, 19.99, 2, 8, NULL),
(50, 'Napoléon : Une ambition française', 'Tulard', 'napoleon_une_ambition_francaise.png', 100, 20.99, 2, 8, NULL),
(51, 'dimanche', 'dimanche', 'dimanche.png', 180, 7.20, 3, 3, NULL),
(52, 'cate', 'cate', 'cate.png', 12, 12.00, 1, 3, NULL);

-- --------------------------------------------------------

--
-- Structure de la table `maisonEdition`
--

CREATE TABLE `maisonEdition` (
  `idMaisonEdition` int NOT NULL,
  `nomMaisonEdition` varchar(50) NOT NULL
) ENGINE=InnoDB DEFAULT CHARSET=utf8mb4 COLLATE=utf8mb4_0900_ai_ci;

--
-- Déchargement des données de la table `maisonEdition`
--

INSERT INTO `maisonEdition` (`idMaisonEdition`, `nomMaisonEdition`) VALUES
(1, 'Gallimard'),
(2, 'Livre de Poche'),
(3, 'Folio'),
(4, 'Les Belles Lettres'),
(5, 'Le Livre de Poche'),
(6, 'First Interactive'),
(7, 'Eyrolles'),
(8, 'Perrin');

-- --------------------------------------------------------

--
-- Structure de la table `particulier`
--

CREATE TABLE `particulier` (
  `idUser` int NOT NULL,
  `nomUser` varchar(255) DEFAULT NULL,
  `prenomUser` varchar(255) DEFAULT NULL,
  `dateNaissanceUser` date DEFAULT NULL,
  `sexeUser` enum('M','F') DEFAULT NULL
) ENGINE=InnoDB DEFAULT CHARSET=utf8mb4 COLLATE=utf8mb4_0900_ai_ci;

--
-- Déchargement des données de la table `particulier`
--

INSERT INTO `particulier` (`idUser`, `nomUser`, `prenomUser`, `dateNaissanceUser`, `sexeUser`) VALUES
(3, 'Nguyen', 'Kevin', '1995-06-12', 'M'),
(4, 'Diop', 'Fatou', '1993-11-05', 'F'),
(5, 'Morel', 'Hugo', '1992-08-21', 'M'),
(6, 'Karim', 'Zineb', '1994-04-17', 'F'),
(7, 'Lam', 'Pierre', '1990-01-03', 'M'),
(8, 'Ait', 'Leila', '1996-09-09', 'F'),
(9, 'Schwarz', 'David', '1991-12-25', 'M'),
(10, 'Elhadi', 'Meryem', '1997-03-14', 'F'),
(11, 'Rossi', 'Julien', '1990-10-10', 'M'),
(12, 'Tanaka', 'Hanae', '1994-07-07', 'F'),
(13, 'Konate', 'Samba', '1993-02-28', 'M'),
(14, 'Meyer', 'Chloe', '1995-01-16', 'F'),
(15, 'Youssef', 'Mehdi', '1992-05-23', 'M'),
(16, 'Dubois', 'Ines', '1996-08-30', 'F'),
(17, 'Hernandez', 'Karl', '1993-03-03', 'M'),
(18, 'Abdi', 'Yasmin', '1997-12-01', 'F'),
(19, 'Bako', 'Jean', '1991-06-06', 'M'),
(20, 'Fernandez', 'Sarah', '1992-10-02', 'F'),
(21, 'Chaoui', 'Omar', '1994-04-04', 'M'),
(22, 'Brunet', 'Claire', '1995-09-18', 'F'),
(23, 'Elmansouri', 'Hicham', '1990-11-30', 'M'),
(24, 'Popescu', 'Lina', '1996-01-11', 'F'),
(25, 'Giraud', 'Sebastien', '1993-07-07', 'M');

-- --------------------------------------------------------

--
-- Structure de la table `promotion`
--

CREATE TABLE `promotion` (
  `idPromotion` int NOT NULL,
  `nomPromotion` varchar(50) NOT NULL,
  `dateDebutPromotion` date NOT NULL,
  `dateFinPromotion` date NOT NULL,
  `reductionPromotion` int NOT NULL
) ENGINE=InnoDB DEFAULT CHARSET=utf8mb4 COLLATE=utf8mb4_0900_ai_ci;

--
-- Déchargement des données de la table `promotion`
--

INSERT INTO `promotion` (`idPromotion`, `nomPromotion`, `dateDebutPromotion`, `dateFinPromotion`, `reductionPromotion`) VALUES
(1, 'Promo Été 2023', '2023-07-02', '2023-07-31', 10),
(2, 'Promo Hiver 2023', '2023-12-01', '2023-12-31', 15),
(3, 'Promo Printemps 2024', '2024-04-01', '2024-04-30', 20),
(4, 'Promo Automne 2024', '2024-10-01', '2024-10-31', 25),
(5, 'Promo Spéciale Été', '2023-08-01', '2023-08-31', 30),
(6, 'Promo Spéciale Hiver', '2023-11-01', '2023-11-30', 35),
(7, 'Promo Spéciale Printemps', '2024-05-01', '2024-05-31', 40),
(8, 'Promo Spéciale Automne', '2024-09-01', '2024-09-30', 45),
(9, 'Promo Été Flash', '2023-07-15', '2023-07-20', 50),
(10, 'Promo Hiver Flash', '2023-12-15', '2023-12-20', 55),
(11, 'Promo Printemps Flash', '2024-04-15', '2024-04-20', 60),
(12, 'Promo Automne Flash', '2024-10-15', '2024-10-21', 65),
(13, 'Promo Été Mega', '2023-07-01', '2023-07-10', 10),
(14, 'Promo Hiver Mega', '2023-12-01', '2023-12-10', 15),
(15, 'Promo Printemps Mega', '2024-04-01', '2024-04-10', 20),
(16, 'Promo Automne Mega', '2024-10-01', '2024-10-10', 25),
(17, 'Promo Été Super', '2023-07-20', '2023-07-31', 30),
(18, 'Promo Hiver Super', '2023-12-20', '2023-12-31', 35),
(19, 'Promo Printemps Super', '2024-04-20', '2024-04-30', 40),
(20, 'Promo Automne Super', '2024-10-20', '2024-10-31', 45);

-- --------------------------------------------------------

--
-- Structure de la table `user`
--

CREATE TABLE `user` (
  `idUser` int NOT NULL,
  `emailUser` varchar(50) CHARACTER SET utf8mb4 COLLATE utf8mb4_0900_ai_ci DEFAULT NULL,
  `mdpUser` varchar(255) CHARACTER SET utf8mb4 COLLATE utf8mb4_0900_ai_ci DEFAULT NULL,
  `adresseUser` varchar(50) NOT NULL,
  `roleUser` enum('admin','particulier','entreprise') DEFAULT NULL
) ENGINE=InnoDB DEFAULT CHARSET=utf8mb4 COLLATE=utf8mb4_0900_ai_ci;

--
-- Déchargement des données de la table `user`
--

INSERT INTO `user` (`idUser`, `emailUser`, `mdpUser`, `adresseUser`, `roleUser`) VALUES
(1, 'ryles@gmail.com', '123', '12 rue Victor Hugo, Lyon', 'admin'),
(2, 'jean@gmail.com', '123', '98 avenue République, Toulouse', 'admin'),
(3, 'kevin.nguyen@example.com', 'azerty1', '5 rue des Lilas, Paris', 'particulier'),
(4, 'fatou.diop@example.com', 'qwerty2', '42 boulevard Gambetta, Lille', 'particulier'),
(5, 'hugo.morel@example.com', 'motdepasse', '7 place de l’Horloge, Avignon', 'particulier'),
(6, 'zineb.karim@example.com', 'z1n3b!', '31 rue Nationale, Tours', 'particulier'),
(7, 'pierre.lam@example.com', 'lam345', '3 chemin du Lac, Annecy', 'particulier'),
(8, 'leila.ait@example.com', 'leilapass', '76 rue Colbert, Reims', 'particulier'),
(9, 'david.schwarz@example.com', 'passw0rd', '11 rue Mozart, Strasbourg', 'particulier'),
(10, 'meryem.elhadi@example.com', 'mehadi', '19 rue Clémenceau, Dijon', 'particulier'),
(11, 'julien.rossi@example.com', 'jrossi', '24 avenue des Alpes, Grenoble', 'particulier'),
(12, 'hanae.tanaka@example.com', 'tokyo75', '9 rue des Acacias, Paris', 'particulier'),
(13, 'samba.konate@example.com', 'sambapass', '66 rue de Rennes, Rennes', 'particulier'),
(14, 'chloe.meyer@example.com', 'cmeyer8', '102 boulevard Haussmann, Paris', 'particulier'),
(15, 'mehdi.youssef@example.com', 'my1234', '5 rue des Jardins, Montpellier', 'particulier'),
(16, 'ines.dubois@example.com', 'dubines', '1 rue Michelet, Nantes', 'particulier'),
(17, 'karl.hernandez@example.com', 'karlo123', '7 impasse Soleil, Nice', 'particulier'),
(18, 'yasmin.abdi@example.com', 'yas1234', '23 rue Lafayette, Bordeaux', 'particulier'),
(19, 'jean.bako@example.com', 'jbako', '44 rue Croix-Rousse, Lyon', 'particulier'),
(20, 'sarah.fernandez@example.com', 'sfe2025', '28 boulevard Jaurès, Saint-Étienne', 'particulier'),
(21, 'omar.chaoui@example.com', 'oc@2024', '3 rue du Port, Brest', 'particulier'),
(22, 'claire.brunet@example.com', 'clbr12', '22 rue des Vignes, Angers', 'particulier'),
(23, 'hicham.elmansouri@example.com', 'he123', '60 avenue du Midi, Perpignan', 'particulier'),
(24, 'lina.popescu@example.com', 'linapo', '10 rue Sainte-Catherine, Bordeaux', 'particulier'),
(25, 'sebastien.giraud@example.com', 'sgiraud', '18 avenue Mistral, Toulon', 'particulier'),
(26, 'contact@capgemini.com', 'cg2024', '11 rue de Tilsitt, Paris', 'entreprise'),
(27, 'contact@dassault-systemes.com', 'ds3d2024', '10 rue Marcel Dassault, Vélizy', 'entreprise'),
(28, 'info@airbus.com', 'airb1234', '1 rond-point Maurice Bellonte, Blagnac', 'entreprise'),
(29, 'hr@thalesgroup.com', 'thpass', '45 avenue Carnot, Courbevoie', 'entreprise'),
(30, 'contact@ubisoft.com', 'ubi!game', '28 rue Armand Carrel, Montreuil', 'entreprise'),
(31, 'support@ovhcloud.com', 'ovh2024', '2 rue Kellermann, Roubaix', 'entreprise'),
(32, 'recrutement@atos.net', 'atosnet', '80 quai Voltaire, Bezons', 'entreprise'),
(33, 'rh@soprasteria.com', 'sopra22', '9 avenue de l’Europe, Annecy', 'entreprise'),
(34, 'support@orange-business.com', 'obs2024', '78 rue Olivier de Serres, Paris', 'entreprise'),
(35, 'contact@groupeadp.fr', 'adp!@paris', '1 rue de France, Tremblay-en-France', 'entreprise'),
(36, 'siege@carrefour.com', 'carf2024', '93 avenue de Paris, Massy', 'entreprise'),
(37, 'recrutement@lvmh.fr', 'luxury75', '22 avenue Montaigne, Paris', 'entreprise'),
(38, 'contact@renault.fr', 'renault!v', '13 quai Alphonse Le Gallo, Boulogne-Billancourt', 'entreprise'),
(39, 'recrutement@bouyguestelecom.fr', 'btel99', '37-39 rue Boissière, Paris', 'entreprise'),
(40, 'contact@sncf.fr', 'sncftrain', '2 place aux Étoiles, Saint-Denis', 'entreprise'),
(41, 'rh@edf.fr', 'edf2024', '1 avenue du Général de Gaulle, Courbevoie', 'entreprise'),
(42, 'support@veolia.com', 'veo!2024', '30 rue Madeleine Vionnet, Aubervilliers', 'entreprise'),
(43, 'contact@danone.com', 'danone21', '15 rue du Helder, Paris', 'entreprise'),
(44, 'recrutement@accor.com', 'accor2024', '82 rue Henri Farman, Issy-les-Moulineaux', 'entreprise'),
(45, 'rh@engie.com', 'engie75', '1 place Samuel de Champlain, La Défense', 'entreprise'),
(46, 'info@laposte.fr', 'poste2025', '9 rue du Colonel Pierre Avia, Paris', 'entreprise'),
(47, 'info@cmacgm.com', 'cma2024', '4 quai d’Arenc, Marseille', 'entreprise'),
(48, 'contact@bnpparibas.com', 'bnpbank', '16 boulevard des Italiens, Paris', 'entreprise'),
(49, 'recrutement@societegenerale.fr', 'sgbank', '29 boulevard Haussmann, Paris', 'entreprise'),
(50, 'support@credit-agricole.fr', 'credagri', '12 place des États-Unis, Montrouge', 'entreprise');

--
-- Déclencheurs `user`
--
DELIMITER $$
CREATE TRIGGER `tInsertArchive` BEFORE DELETE ON `user` FOR EACH ROW BEGIN
    INSERT INTO archiveCommande
    SELECT c.idCommande, c.dateCommande, c.statutCommande, c.dateLivraisonCommande, c.idUser, NOW()
    FROM commande c
    WHERE c.idUser = OLD.idUser;

    INSERT INTO archiveLigneCommande
    SELECT lc.idLigneCommande, lc.idCommande, lc.idLivre, lc.quantiteLigneCommande, NOW()
    FROM ligneCommande lc
             JOIN commande c ON lc.idCommande = c.idCommande
    WHERE c.idUser = OLD.idUser;

    DELETE FROM ligneCommande
    WHERE idCommande IN (SELECT idCommande FROM commande WHERE idUser = OLD.idUser);

    DELETE FROM commande
    WHERE idUser = OLD.idUser;
END
$$
DELIMITER ;

-- --------------------------------------------------------

--
-- Doublure de structure pour la vue `vcommandesenattente`
-- (Voir ci-dessous la vue réelle)
--
CREATE TABLE `vcommandesenattente` (
`nbCommandeEnAttente` bigint
);

-- --------------------------------------------------------

--
-- Doublure de structure pour la vue `vlivresenstock`
-- (Voir ci-dessous la vue réelle)
--
CREATE TABLE `vlivresenstock` (
`idLivre` int
,`nomLivre` varchar(50)
,`prixLivre` float(10,2)
,`exemplaireLivre` int
);

-- --------------------------------------------------------

--
-- Doublure de structure pour la vue `vlivresmieuxnotes`
-- (Voir ci-dessous la vue réelle)
--
CREATE TABLE `vlivresmieuxnotes` (
`idLivre` int
,`nomLivre` varchar(50)
,`noteMoyenne` decimal(6,2)
);

-- --------------------------------------------------------

--
-- Doublure de structure pour la vue `vmeilleuresventes`
-- (Voir ci-dessous la vue réelle)
--
CREATE TABLE `vmeilleuresventes` (
`idLivre` int
,`nomLivre` varchar(50)
,`totalVendu` decimal(32,0)
);

-- --------------------------------------------------------

--
-- Doublure de structure pour la vue `vmeilleursavis`
-- (Voir ci-dessous la vue réelle)
--
CREATE TABLE `vmeilleursavis` (
`idLivre` int
,`nomLivre` varchar(50)
,`moyenneNote` decimal(7,4)
);

-- --------------------------------------------------------

--
-- Doublure de structure pour la vue `vnblivreacheteuser`
-- (Voir ci-dessous la vue réelle)
--
CREATE TABLE `vnblivreacheteuser` (
`emailUser` varchar(50)
,`nbLivreAchete` decimal(32,0)
);

-- --------------------------------------------------------

--
-- Doublure de structure pour la vue `vtotalcommandeenattente`
-- (Voir ci-dessous la vue réelle)
--
CREATE TABLE `vtotalcommandeenattente` (
`idUser` int
,`totalCommande` double(19,2)
);

-- --------------------------------------------------------

--
-- Doublure de structure pour la vue `vtotalcommandeexpediee`
-- (Voir ci-dessous la vue réelle)
--
CREATE TABLE `vtotalcommandeexpediee` (
`idUser` int
,`totalCommande` double(19,2)
);

-- --------------------------------------------------------

--
-- Doublure de structure pour la vue `vtotallivre`
-- (Voir ci-dessous la vue réelle)
--
CREATE TABLE `vtotallivre` (
`idCommande` int
,`idUser` int
,`nomLivre` varchar(50)
,`prixLivre` float(10,2)
,`quantiteLigneCommande` int
,`totalLivre` double(22,2)
);

-- --------------------------------------------------------

--
-- Doublure de structure pour la vue `vtotallivreenattente`
-- (Voir ci-dessous la vue réelle)
--
CREATE TABLE `vtotallivreenattente` (
`idLivre` int
,`idCommande` int
,`idLigneCommande` int
,`idUser` int
,`nomLivre` varchar(50)
,`prixLivre` float(10,2)
,`quantiteLigneCommande` int
,`totalLivre` double(22,2)
);

-- --------------------------------------------------------

--
-- Doublure de structure pour la vue `vtotallivreexpediee`
-- (Voir ci-dessous la vue réelle)
--
CREATE TABLE `vtotallivreexpediee` (
`idCommande` int
,`idUser` int
,`idLivre` int
,`nomLivre` varchar(50)
,`prixLivre` float(10,2)
,`quantiteLigneCommande` int
,`totalLivre` double(22,2)
);

-- --------------------------------------------------------

--
-- Structure de la vue `vcommandesenattente`
--
DROP TABLE IF EXISTS `vcommandesenattente`;

CREATE ALGORITHM=UNDEFINED DEFINER=`root`@`localhost` SQL SECURITY DEFINER VIEW `vcommandesenattente`  AS SELECT count(`c`.`idCommande`) AS `nbCommandeEnAttente` FROM `commande` AS `c` WHERE (`c`.`statutCommande` = 'en attente') ;

-- --------------------------------------------------------

--
-- Structure de la vue `vlivresenstock`
--
DROP TABLE IF EXISTS `vlivresenstock`;

CREATE ALGORITHM=UNDEFINED DEFINER=`root`@`localhost` SQL SECURITY DEFINER VIEW `vlivresenstock`  AS SELECT `l`.`idLivre` AS `idLivre`, `l`.`nomLivre` AS `nomLivre`, `l`.`prixLivre` AS `prixLivre`, `l`.`exemplaireLivre` AS `exemplaireLivre` FROM `livre` AS `l` WHERE (`l`.`exemplaireLivre` <= 5) ;

-- --------------------------------------------------------

--
-- Structure de la vue `vlivresmieuxnotes`
--
DROP TABLE IF EXISTS `vlivresmieuxnotes`;

CREATE ALGORITHM=UNDEFINED DEFINER=`root`@`localhost` SQL SECURITY DEFINER VIEW `vlivresmieuxnotes`  AS SELECT `a`.`idLivre` AS `idLivre`, max(`l`.`nomLivre`) AS `nomLivre`, round(avg(`a`.`noteAvis`),2) AS `noteMoyenne` FROM (`avis` `a` join `livre` `l` on((`a`.`idLivre` = `l`.`idLivre`))) GROUP BY `a`.`idLivre` ORDER BY `noteMoyenne` DESC ;

-- --------------------------------------------------------

--
-- Structure de la vue `vmeilleuresventes`
--
DROP TABLE IF EXISTS `vmeilleuresventes`;

CREATE ALGORITHM=UNDEFINED DEFINER=`root`@`localhost` SQL SECURITY DEFINER VIEW `vmeilleuresventes`  AS SELECT `l`.`idLivre` AS `idLivre`, `l`.`nomLivre` AS `nomLivre`, sum(`li`.`quantiteLigneCommande`) AS `totalVendu` FROM (`lignecommande` `li` join `livre` `l` on((`li`.`idLivre` = `l`.`idLivre`))) GROUP BY `l`.`idLivre`, `l`.`nomLivre` ORDER BY `totalVendu` DESC ;

-- --------------------------------------------------------

--
-- Structure de la vue `vmeilleursavis`
--
DROP TABLE IF EXISTS `vmeilleursavis`;

CREATE ALGORITHM=UNDEFINED DEFINER=`root`@`localhost` SQL SECURITY DEFINER VIEW `vmeilleursavis`  AS SELECT `l`.`idLivre` AS `idLivre`, `l`.`nomLivre` AS `nomLivre`, avg(`a`.`noteAvis`) AS `moyenneNote` FROM (`avis` `a` join `livre` `l` on((`a`.`idLivre` = `l`.`idLivre`))) GROUP BY `l`.`idLivre`, `l`.`nomLivre` ORDER BY `moyenneNote` DESC ;

-- --------------------------------------------------------

--
-- Structure de la vue `vnblivreacheteuser`
--
DROP TABLE IF EXISTS `vnblivreacheteuser`;

CREATE ALGORITHM=UNDEFINED DEFINER=`root`@`localhost` SQL SECURITY DEFINER VIEW `vnblivreacheteuser`  AS SELECT `u`.`emailUser` AS `emailUser`, sum(`l`.`quantiteLigneCommande`) AS `nbLivreAchete` FROM ((`lignecommande` `l` join `commande` `c` on((`l`.`idCommande` = `c`.`idCommande`))) join `user` `u` on((`c`.`idUser` = `u`.`idUser`))) WHERE (`c`.`statutCommande` = 'expédiée') GROUP BY `u`.`emailUser` ;

-- --------------------------------------------------------

--
-- Structure de la vue `vtotalcommandeenattente`
--
DROP TABLE IF EXISTS `vtotalcommandeenattente`;

CREATE ALGORITHM=UNDEFINED DEFINER=`root`@`localhost` SQL SECURITY DEFINER VIEW `vtotalcommandeenattente`  AS SELECT `c`.`idUser` AS `idUser`, sum((`l`.`prixLivre` * `li`.`quantiteLigneCommande`)) AS `totalCommande` FROM ((`commande` `c` join `lignecommande` `li` on((`c`.`idCommande` = `li`.`idCommande`))) join `livre` `l` on((`li`.`idLivre` = `l`.`idLivre`))) WHERE (`c`.`statutCommande` = 'en attente') GROUP BY `c`.`idUser` ;

-- --------------------------------------------------------

--
-- Structure de la vue `vtotalcommandeexpediee`
--
DROP TABLE IF EXISTS `vtotalcommandeexpediee`;

CREATE ALGORITHM=UNDEFINED DEFINER=`root`@`localhost` SQL SECURITY DEFINER VIEW `vtotalcommandeexpediee`  AS SELECT `c`.`idUser` AS `idUser`, sum((`l`.`prixLivre` * `li`.`quantiteLigneCommande`)) AS `totalCommande` FROM ((`commande` `c` join `lignecommande` `li` on((`c`.`idCommande` = `li`.`idCommande`))) join `livre` `l` on((`li`.`idLivre` = `l`.`idLivre`))) WHERE (`c`.`statutCommande` = 'expédiée') GROUP BY `c`.`idUser` ;

-- --------------------------------------------------------

--
-- Structure de la vue `vtotallivre`
--
DROP TABLE IF EXISTS `vtotallivre`;

CREATE ALGORITHM=UNDEFINED DEFINER=`root`@`localhost` SQL SECURITY DEFINER VIEW `vtotallivre`  AS SELECT `li`.`idCommande` AS `idCommande`, `c`.`idUser` AS `idUser`, `l`.`nomLivre` AS `nomLivre`, `l`.`prixLivre` AS `prixLivre`, `li`.`quantiteLigneCommande` AS `quantiteLigneCommande`, (`l`.`prixLivre` * `li`.`quantiteLigneCommande`) AS `totalLivre` FROM ((`livre` `l` join `lignecommande` `li` on((`l`.`idLivre` = `li`.`idLivre`))) join `commande` `c` on((`c`.`idCommande` = `li`.`idCommande`))) ;

-- --------------------------------------------------------

--
-- Structure de la vue `vtotallivreenattente`
--
DROP TABLE IF EXISTS `vtotallivreenattente`;

CREATE ALGORITHM=UNDEFINED DEFINER=`root`@`localhost` SQL SECURITY DEFINER VIEW `vtotallivreenattente`  AS SELECT `li`.`idLivre` AS `idLivre`, `li`.`idCommande` AS `idCommande`, `li`.`idLigneCommande` AS `idLigneCommande`, `c`.`idUser` AS `idUser`, `l`.`nomLivre` AS `nomLivre`, `l`.`prixLivre` AS `prixLivre`, `li`.`quantiteLigneCommande` AS `quantiteLigneCommande`, (`l`.`prixLivre` * `li`.`quantiteLigneCommande`) AS `totalLivre` FROM ((`livre` `l` join `lignecommande` `li` on((`l`.`idLivre` = `li`.`idLivre`))) join `commande` `c` on((`c`.`idCommande` = `li`.`idCommande`))) WHERE (`c`.`statutCommande` = 'en attente') ;

-- --------------------------------------------------------

--
-- Structure de la vue `vtotallivreexpediee`
--
DROP TABLE IF EXISTS `vtotallivreexpediee`;

CREATE ALGORITHM=UNDEFINED DEFINER=`root`@`localhost` SQL SECURITY DEFINER VIEW `vtotallivreexpediee`  AS SELECT `li`.`idCommande` AS `idCommande`, `c`.`idUser` AS `idUser`, `l`.`idLivre` AS `idLivre`, `l`.`nomLivre` AS `nomLivre`, `l`.`prixLivre` AS `prixLivre`, `li`.`quantiteLigneCommande` AS `quantiteLigneCommande`, (`l`.`prixLivre` * `li`.`quantiteLigneCommande`) AS `totalLivre` FROM ((`livre` `l` join `lignecommande` `li` on((`l`.`idLivre` = `li`.`idLivre`))) join `commande` `c` on((`c`.`idCommande` = `li`.`idCommande`))) WHERE (`c`.`statutCommande` = 'expédiée') ;

--
-- Index pour les tables déchargées
--

--
-- Index pour la table `abonnement`
--
ALTER TABLE `abonnement`
  ADD PRIMARY KEY (`idAbonnement`),
  ADD KEY `fk_user` (`idUser`);

--
-- Index pour la table `admin`
--
ALTER TABLE `admin`
  ADD PRIMARY KEY (`idAdmin`),
  ADD KEY `idUser` (`idUser`);

--
-- Index pour la table `archiveCommande`
--
ALTER TABLE `archiveCommande`
  ADD PRIMARY KEY (`idCommande`,`date_archivage`),
  ADD KEY `idx_user` (`idUser`),
  ADD KEY `idx_date_archivage` (`date_archivage`);

--
-- Index pour la table `archivelignecommande`
--
ALTER TABLE `archivelignecommande`
  ADD PRIMARY KEY (`idLigneCommande`,`date_archivage`),
  ADD KEY `idx_commande` (`idCommande`),
  ADD KEY `idx_date_archivage` (`date_archivage`),
  ADD KEY `fk_idLivre_archivelignecommande` (`idLivre`);

--
-- Index pour la table `avis`
--
ALTER TABLE `avis`
  ADD PRIMARY KEY (`idAvis`),
  ADD KEY `idUser` (`idUser`),
  ADD KEY `avis_ibfk_1` (`idLivre`);

--
-- Index pour la table `categorie`
--
ALTER TABLE `categorie`
  ADD PRIMARY KEY (`idCategorie`);

--
-- Index pour la table `commande`
--
ALTER TABLE `commande`
  ADD PRIMARY KEY (`idCommande`),
  ADD KEY `idUser` (`idUser`);

--
-- Index pour la table `entreprise`
--
ALTER TABLE `entreprise`
  ADD PRIMARY KEY (`idUser`);

--
-- Index pour la table `ligneCommande`
--
ALTER TABLE `ligneCommande`
  ADD PRIMARY KEY (`idLigneCommande`),
  ADD KEY `idCommande` (`idCommande`),
  ADD KEY `idLivre` (`idLivre`);

--
-- Index pour la table `livre`
--
ALTER TABLE `livre`
  ADD PRIMARY KEY (`idLivre`),
  ADD KEY `fk_c` (`idCategorie`),
  ADD KEY `fk_m` (`idMaisonEdition`),
  ADD KEY `fk_livre_promotion` (`idPromotion`);

--
-- Index pour la table `maisonEdition`
--
ALTER TABLE `maisonEdition`
  ADD PRIMARY KEY (`idMaisonEdition`);

--
-- Index pour la table `particulier`
--
ALTER TABLE `particulier`
  ADD PRIMARY KEY (`idUser`);

--
-- Index pour la table `promotion`
--
ALTER TABLE `promotion`
  ADD PRIMARY KEY (`idPromotion`);

--
-- Index pour la table `user`
--
ALTER TABLE `user`
  ADD PRIMARY KEY (`idUser`);

--
-- AUTO_INCREMENT pour les tables déchargées
--

--
-- AUTO_INCREMENT pour la table `abonnement`
--
ALTER TABLE `abonnement`
  MODIFY `idAbonnement` int NOT NULL AUTO_INCREMENT, AUTO_INCREMENT=17;

--
-- AUTO_INCREMENT pour la table `admin`
--
ALTER TABLE `admin`
  MODIFY `idAdmin` int NOT NULL AUTO_INCREMENT, AUTO_INCREMENT=3;

--
-- AUTO_INCREMENT pour la table `categorie`
--
ALTER TABLE `categorie`
  MODIFY `idCategorie` int NOT NULL AUTO_INCREMENT, AUTO_INCREMENT=6;

--
-- AUTO_INCREMENT pour la table `commande`
--
ALTER TABLE `commande`
  MODIFY `idCommande` int NOT NULL AUTO_INCREMENT, AUTO_INCREMENT=480;

--
-- AUTO_INCREMENT pour la table `ligneCommande`
--
ALTER TABLE `ligneCommande`
  MODIFY `idLigneCommande` int NOT NULL AUTO_INCREMENT, AUTO_INCREMENT=747;

--
-- AUTO_INCREMENT pour la table `livre`
--
ALTER TABLE `livre`
  MODIFY `idLivre` int NOT NULL AUTO_INCREMENT, AUTO_INCREMENT=58;

--
-- AUTO_INCREMENT pour la table `maisonEdition`
--
ALTER TABLE `maisonEdition`
  MODIFY `idMaisonEdition` int NOT NULL AUTO_INCREMENT, AUTO_INCREMENT=11;

--
-- AUTO_INCREMENT pour la table `particulier`
--
ALTER TABLE `particulier`
  MODIFY `idUser` int NOT NULL AUTO_INCREMENT, AUTO_INCREMENT=71;

--
-- AUTO_INCREMENT pour la table `promotion`
--
ALTER TABLE `promotion`
  MODIFY `idPromotion` int NOT NULL AUTO_INCREMENT, AUTO_INCREMENT=21;

--
-- AUTO_INCREMENT pour la table `user`
--
ALTER TABLE `user`
  MODIFY `idUser` int NOT NULL AUTO_INCREMENT, AUTO_INCREMENT=72;

--
-- Contraintes pour les tables déchargées
--

--
-- Contraintes pour la table `archivelignecommande`
--
ALTER TABLE `archivelignecommande`
  ADD CONSTRAINT `fk_idLivre_archivelignecommande` FOREIGN KEY (`idLivre`) REFERENCES `livre` (`idLivre`);

--
-- Contraintes pour la table `livre`
--
ALTER TABLE `livre`
  ADD CONSTRAINT `fk_c` FOREIGN KEY (`idCategorie`) REFERENCES `categorie` (`idCategorie`),
  ADD CONSTRAINT `fk_livre_promotion` FOREIGN KEY (`idPromotion`) REFERENCES `promotion` (`idPromotion`),
  ADD CONSTRAINT `fk_m` FOREIGN KEY (`idMaisonEdition`) REFERENCES `maisonEdition` (`idMaisonEdition`);

DELIMITER $$
--
-- Évènements
--
CREATE DEFINER=`root`@`localhost` EVENT `eUpdateStatutCommande` ON SCHEDULE EVERY 1 DAY STARTS '2025-05-05 00:00:00' ON COMPLETION NOT PRESERVE ENABLE DO BEGIN
UPDATE commande
SET statutCommande = 'arrivée'
WHERE statutCommande = 'expédiée'
  AND dateLivraisonCommande < CURDATE();
END$$

DELIMITER ;
COMMIT;

/*!40101 SET CHARACTER_SET_CLIENT=@OLD_CHARACTER_SET_CLIENT */;
/*!40101 SET CHARACTER_SET_RESULTS=@OLD_CHARACTER_SET_RESULTS */;
/*!40101 SET COLLATION_CONNECTION=@OLD_COLLATION_CONNECTION */;
